0.0,0.0,0.0,0.0,0.0,0.0,0.0,0.0,0.0,0.0,0.0,0.0,0.0,0.0,0.0,0.0,0.0,0.0,0.0,0.0,0.0,0.0,0.0,0.0,0.0,-7.350255,-7.284453,-7.22539,-7.174758,-7.133943,-7.104021,-7.085761,-7.079623,-7.085761,-7.104021,-7.133943,-7.174758,-7.22539,-7.284453,-7.350255,0.0,0.0,0.0,0.0,0.0,0.0,0.0,0.0,0.0,0.0,0.0,0.0,0.0,0.0,0.0,0.0,0.0,0.0,0.0,0.0,0.0,0.0,0.0,0.0
0.0,0.0,0.0,0.0,0.0,0.0,0.0,0.0,0.0,0.0,0.0,0.0,0.0,0.0,0.0,0.0,0.0,0.0,0.0,0.0,0.0,0.0,-7.349188,-7.258639,-7.169774,-7.085214,-7.007269,-6.937937,-6.87891,-6.831567,-6.796984,-6.775928,-6.768858,-6.775928,-6.796984,-6.831567,-6.87891,-6.937937,-7.007269,-7.085214,-7.169774,-7.258639,-7.349188,0.0,0.0,0.0,0.0,0.0,0.0,0.0,0.0,0.0,0.0,0.0,0.0,0.0,0.0,0.0,0.0,0.0,0.0,0.0,0.0,0.0
0.0,0.0,0.0,0.0,0.0,0.0,0.0,0.0,0.0,0.0,0.0,0.0,0.0,0.0,0.0,0.0,0.0,0.0,0.0,-7.413853,-7.314923,-7.209741,-7.101859,-6.994518,-6.890645,-6.792855,-6.703452,-6.624433,-6.557483,-6.503982,-6.465002,-6.441307,-6.433358,-6.441307,-6.465002,-6.503982,-6.557483,-6.624433,-6.703452,-6.792855,-6.890645,-6.994518,-7.101859,-7.209741,-7.314923,-7.413853,0.0,0.0,0.0,0.0,0.0,0.0,0.0,0.0,0.0,0.0,0.0,0.0,0.0,0.0,0.0,0.0,0.0,0.0
0.0,0.0,0.0,0.0,0.0,0.0,0.0,0.0,0.0,0.0,0.0,0.0,0.0,0.0,0.0,0.0,0.0,-7.40947,-7.310704,-7.199336,-7.079547,-6.955201,-6.829844,-6.70671,-6.588722,-6.478489,-6.378311,-6.290181,-6.215781,-6.156488,-6.113372,-6.087197,-6.078421,-6.087197,-6.113372,-6.156488,-6.215781,-6.290181,-6.378311,-6.478489,-6.588722,-6.70671,-6.829844,-6.955201,-7.079547,-7.199336,-7.310704,-7.40947,0.0,0.0,0.0,0.0,0.0,0.0,0.0,0.0,0.0,0.0,0.0,0.0,0.0,0.0,0.0,0.0
0.0,0.0,0.0,0.0,0.0,0.0,0.0,0.0,0.0,0.0,0.0,0.0,0.0,0.0,0.0,0.0,-7.321575,-7.21555,-7.094035,-6.961523,-6.822186,-6.679881,-6.538148,-6.400216,-6.269,-6.147107,-6.036833,-5.940165,-5.858784,-5.794064,-5.747073,-5.718573,-5.709022,-5.718573,-5.747073,-5.794064,-5.858784,-5.940165,-6.036833,-6.147107,-6.269,-6.400216,-6.538148,-6.679881,-6.822186,-6.961523,-7.094035,-7.21555,-7.321575,0.0,0.0,0.0,0.0,0.0,0.0,0.0,0.0,0.0,0.0,0.0,0.0,0.0,0.0,0.0
0.0,0.0,0.0,0.0,0.0,0.0,0.0,0.0,0.0,0.0,0.0,0.0,0.0,0.0,-7.324904,-7.238845,-7.128872,-7.00011,-6.857364,-6.705117,-6.547536,-6.388471,-6.231455,-6.079712,-5.936153,-5.803379,-5.683682,-5.579047,-5.491152,-5.421367,-5.37076,-5.340091,-5.329818,-5.340091,-5.37076,-5.421367,-5.491152,-5.579047,-5.683682,-5.803379,-5.936153,-6.079712,-6.231455,-6.388471,-6.547536,-6.705117,-6.857364,-7.00011,-7.128872,-7.238845,-7.324904,0.0,0.0,0.0,0.0,0.0,0.0,0.0,0.0,0.0,0.0,0.0,0.0,0.0
0.0,0.0,0.0,0.0,0.0,0.0,0.0,0.0,0.0,0.0,0.0,0.0,0.0,-7.241993,-7.159935,-7.049933,-6.917432,-6.767549,-6.60508,-6.434502,-6.259975,-6.085341,-5.914131,-5.74956,-5.594537,-5.451657,-5.323209,-5.211175,-5.117229,-5.042741,-4.988775,-4.956092,-4.945147,-4.956092,-4.988775,-5.042741,-5.117229,-5.211175,-5.323209,-5.451657,-5.594537,-5.74956,-5.914131,-6.085341,-6.259975,-6.434502,-6.60508,-6.767549,-6.917432,-7.049933,-7.159935,-7.241993,0.0,0.0,0.0,0.0,0.0,0.0,0.0,0.0,0.0,0.0,0.0,0.0
0.0,0.0,0.0,0.0,0.0,0.0,0.0,0.0,0.0,0.0,0.0,0.0,-7.155392,-7.08228,-6.976783,-6.844659,-6.691344,-6.521947,-6.341257,-6.153745,-5.963563,-5.774548,-5.590225,-5.413806,-5.248192,-5.095978,-4.959447,-4.840578,-4.741044,-4.662211,-4.605144,-4.5706,-4.559035,-4.5706,-4.605144,-4.662211,-4.741044,-4.840578,-4.959447,-5.095978,-5.248192,-5.413806,-5.590225,-5.774548,-5.963563,-6.153745,-6.341257,-6.521947,-6.691344,-6.844659,-6.976783,-7.08228,-7.155392,0.0,0.0,0.0,0.0,0.0,0.0,0.0,0.0,0.0,0.0,0.0
0.0,0.0,0.0,0.0,0.0,0.0,0.0,0.0,0.0,0.0,0.0,-7.060705,-7.002105,-6.906255,-6.779238,-6.626804,-6.454381,-6.267071,-6.069655,-5.866599,-5.662047,-5.459833,-5.263475,-5.07618,-4.900848,-4.740066,-4.596117,-4.470976,-4.366314,-4.283495,-4.223581,-4.187329,-4.175195,-4.187329,-4.223581,-4.283495,-4.366314,-4.470976,-4.596117,-4.740066,-4.900848,-5.07618,-5.263475,-5.459833,-5.662047,-5.866599,-6.069655,-6.267071,-6.454381,-6.626804,-6.779238,-6.906255,-7.002105,-7.060705,0.0,0.0,0.0,0.0,0.0,0.0,0.0,0.0,0.0,0.0
0.0,0.0,0.0,0.0,0.0,0.0,0.0,0.0,0.0,0.0,-6.95232,-6.914412,-6.833971,-6.717402,-6.570776,-6.399837,-6.210004,-6.006374,-5.793721,-5.576504,-5.358863,-5.144626,-4.937305,-4.740106,-4.555922,-4.387338,-4.236633,-4.10578,-3.996447,-3.909997,-3.847491,-3.809684,-3.797032,-3.809684,-3.847491,-3.909997,-3.996447,-4.10578,-4.236633,-4.387338,-4.555922,-4.740106,-4.937305,-5.144626,-5.358863,-5.576504,-5.793721,-6.006374,-6.210004,-6.399837,-6.570776,-6.717402,-6.833971,-6.914412,-6.95232,0.0,0.0,0.0,0.0,0.0,0.0,0.0,0.0,0.0
0.0,0.0,0.0,0.0,0.0,0.0,0.0,0.0,0.0,-6.823399,-6.812987,-6.754335,-6.654172,-6.518892,-6.35456,-6.166913,-5.961363,-5.742999,-5.516592,-5.286593,-5.057138,-4.832049,-4.614835,-4.408697,-4.216524,-4.040899,-3.884098,-3.74809,-3.634543,-3.544817,-3.479972,-3.440762,-3.427642,-3.440762,-3.479972,-3.544817,-3.634543,-3.74809,-3.884098,-4.040899,-4.216524,-4.408697,-4.614835,-4.832049,-5.057138,-5.286593,-5.516592,-5.742999,-5.961363,-6.166913,-6.35456,-6.518892,-6.654172,-6.754335,-6.812987,-6.823399,0.0,0.0,0.0,0.0,0.0,0.0,0.0,0.0
0.0,0.0,0.0,0.0,0.0,0.0,0.0,0.0,-6.665881,-6.690394,-6.660532,-6.583352,-6.465574,-6.313586,-6.133444,-5.930879,-5.711298,-5.479782,-5.241098,-4.99969,-4.759691,-4.524917,-4.298875,-4.08476,-3.885459,-3.703552,-3.541311,-3.400705,-3.283397,-3.190749,-3.123817,-3.083355,-3.069818,-3.083355,-3.123817,-3.190749,-3.283397,-3.400705,-3.541311,-3.703552,-3.885459,-4.08476,-4.298875,-4.524917,-4.759691,-4.99969,-5.241098,-5.479782,-5.711298,-5.930879,-6.133444,-6.313586,-6.465574,-6.583352,-6.660532,-6.690394,-6.665881,0.0,0.0,0.0,0.0,0.0,0.0,0.0
0.0,0.0,0.0,0.0,0.0,0.0,0.0,-6.470471,-6.537969,-6.544527,-6.497531,-6.40403,-6.270739,-6.104037,-5.909975,-5.694277,-5.462343,-5.219252,-4.969761,-4.718314,-4.469036,-4.225741,-3.991931,-3.770799,-3.565227,-3.377793,-3.210767,-3.066116,-2.945502,-2.850283,-2.781515,-2.739953,-2.726048,-2.739953,-2.781515,-2.850283,-2.945502,-3.066116,-3.210767,-3.377793,-3.565227,-3.770799,-3.991931,-4.225741,-4.469036,-4.718314,-4.969761,-5.219252,-5.462343,-5.694277,-5.909975,-6.104037,-6.270739,-6.40403,-6.497531,-6.544527,-6.537969,-6.470471,0.0,0.0,0.0,0.0,0.0,0.0
0.0,0.0,0.0,0.0,0.0,0.0,0.0,-6.345817,-6.397054,-6.388071,-6.326248,-6.218628,-6.071918,-5.892491,-5.686392,-5.459339,-5.216728,-4.96363,-4.704802,-4.444679,-4.187384,-3.936727,-3.696207,-3.469013,-3.258025,-3.065818,-2.894661,-2.746517,-2.623046,-2.525607,-2.455255,-2.412742,-2.398521,-2.412742,-2.455255,-2.525607,-2.623046,-2.746517,-2.894661,-3.065818,-3.258025,-3.469013,-3.696207,-3.936727,-4.187384,-4.444679,-4.704802,-4.96363,-5.216728,-5.459339,-5.686392,-5.892491,-6.071918,-6.218628,-6.326248,-6.388071,-6.397054,-6.345817,0.0,0.0,0.0,0.0,0.0,0.0
0.0,0.0,0.0,0.0,0.0,0.0,-6.102804,-6.207617,-6.245108,-6.222993,-6.148645,-6.0291,-5.871059,-5.68089,-5.464631,-5.227997,-4.976377,-4.71484,-4.448136,-4.180697,-3.916644,-3.659781,-3.413606,-3.181303,-2.965751,-2.769523,-2.594884,-2.443797,-2.317921,-2.218612,-2.146924,-2.103611,-2.089123,-2.103611,-2.146924,-2.218612,-2.317921,-2.443797,-2.594884,-2.769523,-2.965751,-3.181303,-3.413606,-3.659781,-3.916644,-4.180697,-4.448136,-4.71484,-4.976377,-5.227997,-5.464631,-5.68089,-5.871059,-6.0291,-6.148645,-6.222993,-6.245108,-6.207617,-6.102804,0.0,0.0,0.0,0.0,0.0
0.0,0.0,0.0,0.0,0.0,-5.796549,-5.964479,-6.057545,-6.0838,-6.050955,-5.966377,-5.837095,-5.669806,-5.470871,-5.246326,-5.001879,-4.742916,-4.4745,-4.201379,-3.927982,-3.658424,-3.396509,-3.145729,-2.909268,-2.690002,-2.490501,-2.31303,-2.159549,-2.031716,-1.930887,-1.858113,-1.814149,-1.799444,-1.814149,-1.858113,-1.930887,-2.031716,-2.159549,-2.31303,-2.490501,-2.690002,-2.909268,-3.145729,-3.396509,-3.658424,-3.927982,-4.201379,-4.4745,-4.742916,-5.001879,-5.246326,-5.470871,-5.669806,-5.837095,-5.966377,-6.050955,-6.0838,-6.057545,-5.964479,-5.796549,0.0,0.0,0.0,0.0
0.0,0.0,0.0,0.0,0.0,-5.654655,-5.81304,-5.896969,-5.914492,-5.873313,-5.780793,-5.643959,-5.469498,-5.263771,-5.032808,-4.782312,-4.517666,-4.24393,-3.965848,-3.687845,-3.414034,-3.148216,-2.893881,-2.654211,-2.432079,-2.230053,-2.050397,-1.89507,-1.765728,-1.663725,-1.590115,-1.545648,-1.530776,-1.545648,-1.590115,-1.663725,-1.765728,-1.89507,-2.050397,-2.230053,-2.432079,-2.654211,-2.893881,-3.148216,-3.414034,-3.687845,-3.965848,-4.24393,-4.517666,-4.782312,-5.032808,-5.263771,-5.469498,-5.643959,-5.780793,-5.873313,-5.914492,-5.896969,-5.81304,-5.654655,0.0,0.0,0.0,0.0
0.0,0.0,0.0,0.0,-5.2639,-5.498,-5.649555,-5.726955,-5.738244,-5.691121,-5.592944,-5.450734,-5.271176,-5.060625,-4.825107,-4.570323,-4.301652,-4.02415,-3.742558,-3.4613,-3.184486,-2.915913,-2.65907,-2.417136,-2.192983,-1.989179,-1.807984,-1.651356,-1.520952,-1.418124,-1.343925,-1.299105,-1.284115,-1.299105,-1.343925,-1.418124,-1.520952,-1.651356,-1.807984,-1.989179,-2.192983,-2.417136,-2.65907,-2.915913,-3.184486,-3.4613,-3.742558,-4.02415,-4.301652,-4.570323,-4.825107,-5.060625,-5.271176,-5.450734,-5.592944,-5.691121,-5.738244,-5.726955,-5.649555,-5.498,-5.2639,0.0,0.0,0.0
0.0,0.0,0.0,0.0,-5.097574,-5.327357,-5.47479,-5.548261,-5.55581,-5.50513,-5.403577,-5.258165,-5.075579,-4.862168,-4.623956,-4.366642,-4.095599,-3.815883,-3.532232,-3.249066,-2.970494,-2.700312,-2.442005,-2.198753,-1.973424,-1.768585,-1.586496,-1.429114,-1.298093,-1.194787,-1.120246,-1.075221,-1.060163,-1.075221,-1.120246,-1.194787,-1.298093,-1.429114,-1.586496,-1.768585,-1.973424,-2.198753,-2.442005,-2.700312,-2.970494,-3.249066,-3.532232,-3.815883,-4.095599,-4.366642,-4.623956,-4.862168,-5.075579,-5.258165,-5.403577,-5.50513,-5.55581,-5.548261,-5.47479,-5.327357,-5.097574,0.0,0.0,0.0
0.0,0.0,0.0,0.0,-4.914913,-5.143192,-5.289209,-5.361348,-5.367645,-5.315791,-5.213137,-5.066695,-4.883146,-4.668837,-4.429789,-4.171698,-3.899935,-3.619554,-3.33529,-3.051563,-2.772478,-2.50183,-2.243104,-1.999475,-1.773814,-1.568683,-1.386344,-1.228752,-1.09756,-0.9941208,-0.9194856,-0.8744044,-0.8593273,-0.8744044,-0.9194856,-0.9941208,-1.09756,-1.228752,-1.386344,-1.568683,-1.773814,-1.999475,-2.243104,-2.50183,-2.772478,-3.051563,-3.33529,-3.619554,-3.899935,-4.171698,-4.429789,-4.668837,-4.883146,-5.066695,-5.213137,-5.315791,-5.367645,-5.361348,-5.289209,-5.143192,-4.914913,0.0,0.0,0.0
0.0,0.0,0.0,-4.395481,-4.716082,-4.945668,-5.09297,-5.166371,-5.173903,-5.123254,-5.021772,-4.876468,-4.694019,-4.480771,-4.242742,-3.985625,-3.714792,-3.435293,-3.151862,-2.868917,-2.590562,-2.32059,-2.062486,-1.819423,-1.594271,-1.389592,-1.207645,-1.050386,-0.9194677,-0.816242,-0.7417593,-0.6967698,-0.6817233,-0.6967698,-0.7417593,-0.816242,-0.9194677,-1.050386,-1.207645,-1.389592,-1.594271,-1.819423,-2.062486,-2.32059,-2.590562,-2.868917,-3.151862,-3.435293,-3.714792,-3.985625,-4.242742,-4.480771,-4.694019,-4.876468,-5.021772,-5.123254,-5.173903,-5.166371,-5.09297,-4.945668,-4.716082,-4.395481,0.0,0.0
0.0,0.0,0.0,-4.176105,-4.500947,-4.734647,-4.885934,-4.963187,-4.974437,-4.927369,-4.82933,-4.687329,-4.508041,-4.29781,-4.062653,-3.808262,-3.540006,-3.262935,-2.98178,-2.700959,-2.424576,-2.156422,-1.899979,-1.658423,-1.434621,-1.231135,-1.050223,-0.8938403,-0.7636399,-0.6609728,-0.5868894,-0.5421395,-0.5271728,-0.5421395,-0.5868894,-0.6609728,-0.7636399,-0.8938403,-1.050223,-1.231135,-1.434621,-1.658423,-1.899979,-2.156422,-2.424576,-2.700959,-2.98178,-3.262935,-3.540006,-3.808262,-4.062653,-4.29781,-4.508041,-4.687329,-4.82933,-4.927369,-4.974437,-4.963187,-4.885934,-4.734647,-4.500947,-4.176105,0.0,0.0
0.0,0.0,0.0,-3.937072,-4.26907,-4.509689,-4.667657,-4.75135,-4.768799,-4.727688,-4.635361,-4.498827,-4.324759,-4.119501,-3.889067,-3.63915,-3.375117,-3.102017,-2.824582,-2.547227,-2.274055,-2.008859,-1.755119,-1.516009,-1.294397,-1.092845,-0.9136095,-0.7586463,-0.6296075,-0.5278441,-0.4544063,-0.4100438,-0.3952063,-0.4100438,-0.4544063,-0.5278441,-0.6296075,-0.7586463,-0.9136095,-1.092845,-1.294397,-1.516009,-1.755119,-2.008859,-2.274055,-2.547227,-2.824582,-3.102017,-3.375117,-3.63915,-3.889067,-4.119501,-4.324759,-4.498827,-4.635361,-4.727688,-4.768799,-4.75135,-4.667657,-4.509689,-4.26907,-3.937072,0.0,0.0
0.0,0.0,-3.234765,-3.677643,-4.019711,-4.270052,-4.437395,-4.530117,-4.556245,-4.523463,-4.439117,-4.310212,-4.143422,-3.94509,-3.721231,-3.477535,-3.219371,-2.951786,-2.679511,-2.406963,-2.138243,-1.877144,-1.627145,-1.391422,-1.17284,-0.9739618,-0.7970447,-0.6440431,-0.5166096,-0.4160948,-0.3435489,-0.2997216,-0.2850626,-0.2997216,-0.3435489,-0.4160948,-0.5166096,-0.6440431,-0.7970447,-0.9739618,-1.17284,-1.391422,-1.627145,-1.877144,-2.138243,-2.406963,-2.679511,-2.951786,-3.219371,-3.477535,-3.721231,-3.94509,-4.143422,-4.310212,-4.439117,-4.523463,-4.556245,-4.530117,-4.437395,-4.270052,-4.019711,-3.677643,-3.234765,0.0
0.0,0.0,-2.940463,-3.396777,-3.751826,-4.014694,-4.194107,-4.298442,-4.335728,-4.31365,-4.23955,-4.120436,-3.962982,-3.77353,-3.558096,-3.322369,-3.071718,-2.811191,-2.545519,-2.279117,-2.016089,-1.760226,-1.515008,-1.28361,-1.068898,-0.8734342,-0.6994764,-0.5489789,-0.4235941,-0.3246727,-0.253265,-0.2101206,-0.1956892,-0.2101206,-0.253265,-0.3246727,-0.4235941,-0.5489789,-0.6994764,-0.8734342,-1.068898,-1.28361,-1.515008,-1.760226,-2.016089,-2.279117,-2.545519,-2.811191,-3.071718,-3.322369,-3.558096,-3.77353,-3.962982,-4.120436,-4.23955,-4.31365,-4.335728,-4.298442,-4.194107,-4.014694,-3.751826,-3.396777,-2.940463,0.0
0.0,0.0,-2.620357,-3.093131,-3.464074,-3.742269,-3.936447,-4.054983,-4.105906,-4.096903,-4.035318,-3.928157,-3.782097,-3.603478,-3.398318,-3.172308,-2.930815,-2.678889,-2.42126,-2.162346,-1.906249,-1.656761,-1.417363,-1.191229,-0.9812271,-0.7899185,-0.6195612,-0.47211,-0.3492174,-0.2522343,-0.182211,-0.1398972,-0.1257426,-0.1398972,-0.182211,-0.2522343,-0.3492174,-0.47211,-0.6195612,-0.7899185,-0.9812271,-1.191229,-1.417363,-1.656761,-1.906249,-2.162346,-2.42126,-2.678889,-2.930815,-3.172308,-3.398318,-3.603478,-3.782097,-3.928157,-4.035318,-4.096903,-4.105906,-4.054983,-3.936447,-3.742269,-3.464074,-3.093131,-2.620357,0.0
0.0,0.0,-2.2728,-2.765058,-3.154807,-3.451135,-3.662771,-3.798094,-3.865136,-3.871582,-3.824778,-3.731734,-3.599124,-3.433294,-3.240259,-3.025713,-2.795024,-2.553242,-2.305099,-2.055013,-1.807087,-1.565113,-1.332574,-1.112645,-0.9081922,-0.7217792,-0.555664,-0.4118015,-0.2918447,-0.1971448,-0.1287522,-0.08741676,-0.0735883,-0.08741676,-0.1287522,-0.1971448,-0.2918447,-0.4118015,-0.555664,-0.7217792,-0.9081922,-1.112645,-1.332574,-1.565113,-1.807087,-2.055013,-2.305099,-2.553242,-2.795024,-3.025713,-3.240259,-3.433294,-3.599124,-3.731734,-3.824778,-3.871582,-3.865136,-3.798094,-3.662771,-3.451135,-3.154807,-2.765058,-2.2728,0.0
0.0,0.0,-1.895843,-2.410608,-2.822078,-3.139343,-3.371135,-3.525835,-3.611475,-3.635745,-3.605993,-3.529228,-3.412129,-3.261041,-3.081984,-2.88065,-2.662411,-2.432317,-2.195103,-1.955187,-1.716672,-1.483353,-1.258713,-1.045928,-0.8478656,-0.6670892,-0.5058577,-0.3661268,-0.2495497,-0.1574781,-0.09096263,-0.05075338,-0.03730031,-0.05075338,-0.09096263,-0.1574781,-0.2495497,-0.3661268,-0.5058577,-0.6670892,-0.8478656,-1.045928,-1.258713,-1.483353,-1.716672,-1.955187,-2.195103,-2.432317,-2.662411,-2.88065,-3.081984,-3.261041,-3.412129,-3.529228,-3.605993,-3.635745,-3.611475,-3.525835,-3.371135,-3.139343,-2.822078,-2.410608,-1.895843,0.0
0.0,0.0,-1.487229,-2.02753,-2.463638,-2.804648,-3.059294,-3.235961,-3.342684,-3.387154,-3.376723,-3.318404,-3.218877,-3.084489,-2.921262,-2.734891,-2.530749,-2.31389,-2.089048,-1.860643,-1.632782,-1.409259,-1.193559,-0.9888585,-0.7980272,-0.6236289,-0.4679236,-0.3328674,-0.2201143,-0.1310164,-0.06662469,-0.0276896,-0.01466123,-0.0276896,-0.06662469,-0.1310164,-0.2201143,-0.3328674,-0.4679236,-0.6236289,-0.7980272,-0.9888585,-1.193559,-1.409259,-1.632782,-1.860643,-2.089048,-2.31389,-2.530749,-2.734891,-2.921262,-3.084489,-3.218877,-3.318404,-3.376723,-3.387154,-3.342684,-3.235961,-3.059294,-2.804648,-2.463638,-2.02753,-1.487229,0.0
0.0,0.0,-1.044401,-1.613267,-2.076935,-2.4445,-2.724702,-2.925929,-3.05622,-3.123271,-3.134435,-3.096729,-3.016836,-2.901107,-2.755566,-2.58591,-2.397515,-2.195437,-1.984412,-1.768864,-1.552899,-1.340314,-1.134596,-0.9389224,-0.7561642,-0.5888866,-0.4393504,-0.3095127,-0.2010283,-0.1152498,-0.05322883,-0.01571602,-0.003161723,-0.01571602,-0.05322883,-0.1152498,-0.2010283,-0.3095127,-0.4393504,-0.5888866,-0.7561642,-0.9389224,-1.134596,-1.340314,-1.552899,-1.768864,-1.984412,-2.195437,-2.397515,-2.58591,-2.755566,-2.901107,-3.016836,-3.096729,-3.134435,-3.123271,-3.05622,-2.925929,-2.724702,-2.4445,-2.076935,-1.613267,-1.044401,0.0
0.0,0.0,-0.5644944,-1.164962,-1.659112,-2.056046,-2.36451,-2.592894,-2.749243,-2.841257,-2.876293,-2.861371,-2.803179,-2.70807,-2.582072,-2.430886,-2.25989,-2.074142,-1.878383,-1.677036,-1.474212,-1.273709,-1.079016,-0.8933125,-0.7194706,-0.560057,-0.4173338,-0.2932593,-0.1894888,-0.1073761,-0.04797299,-0.01203079,0.0,-0.01203079,-0.04797299,-0.1073761,-0.1894888,-0.2932593,-0.4173338,-0.560057,-0.7194706,-0.8933125,-1.079016,-1.273709,-1.474212,-1.677036,-1.878383,-2.074142,-2.25989,-2.430886,-2.582072,-2.70807,-2.803179,-2.861371,-2.876293,-2.841257,-2.749243,-2.592894,-2.36451,-2.056046,-1.659112,-1.164962,-0.5644944,0.0
0.0,0.0,-0.04434076,-0.679449,-1.207011,-1.636134,-1.975568,-2.233711,-2.418612,-2.537975,-2.599162,-2.609199,-2.574777,-2.502253,-2.397659,-2.2667,-2.114757,-1.946892,-1.767847,-1.58205,-1.393614,-1.206339,-1.023716,-0.8489273,-0.6848462,-0.5340414,-0.3987762,-0.2810101,-0.1823997,-0.1042994,-0.04776197,-0.01353893,0.0,-0.01353893,-0.04776197,-0.1042994,-0.1823997,-0.2810101,-0.3987762,-0.5340414,-0.6848462,-0.8489273,-1.023716,-1.206339,-1.393614,-1.58205,-1.767847,-1.946892,-2.114757,-2.2667,-2.397659,-2.502253,-2.574777,-2.609199,-2.599162,-2.537975,-2.418612,-2.233711,-1.975568,-1.636134,-1.207011,-0.679449,-0.04434076,0.0
0.0,0.0,0.5195352,-0.1532594,-0.7171677,-1.181303,-1.554423,-1.844931,-2.060882,-2.209985,-2.299609,-2.336783,-2.328204,-2.280234,-2.198909,-2.089937,-1.958705,-1.810277,-1.649399,-1.480503,-1.307703,-1.134804,-0.9652985,-0.8023705,-0.6488964,-0.5074463,-0.3802852,-0.2693741,-0.1763707,-0.1026303,-0.04920658,-0.01685155,-0.006016416,-0.01685155,-0.04920658,-0.1026303,-0.1763707,-0.2693741,-0.3802852,-0.5074463,-0.6488964,-0.8023705,-0.9652985,-1.134804,-1.307703,-1.480503,-1.649399,-1.810277,-1.958705,-2.089937,-2.198909,-2.280234,-2.328204,-2.336783,-2.299609,-2.209985,-2.060882,-1.844931,-1.554423,-1.181303,-0.7171677,-0.1532594,0.5195352,0.0
0.0,0.0,1.130916,0.4173828,-0.1858127,-0.6877918,-1.097318,-1.422803,-1.672307,-1.853547,-1.973896,-2.040391,-2.059733,-2.03829,-1.982101,-1.896882,-1.788021,-1.660588,-1.519334,-1.368691,-1.21278,-1.055407,-0.9000682,-0.7499497,-0.6079305,-0.4765828,-0.3581734,-0.2546649,-0.1677163,-0.09868415,-0.04862276,-0.01828491,-0.008122127,-0.01828491,-0.04862276,-0.09868415,-0.1677163,-0.2546649,-0.3581734,-0.4765828,-0.6079305,-0.7499497,-0.9000682,-1.055407,-1.21278,-1.368691,-1.519334,-1.660588,-1.788021,-1.896882,-1.982101,-2.03829,-2.059733,-2.040391,-1.973896,-1.853547,-1.672307,-1.422803,-1.097318,-0.6877918,-0.1858127,0.4173828,1.130916,0.0
0.0,0.0,1.793893,1.036561,0.3911301,-0.1515297,-0.6001901,-0.9632697,-1.248837,-1.464616,-1.617986,-1.71599,-1.765336,-1.772396,-1.743218,-1.683519,-1.598695,-1.49382,-1.373647,-1.242616,-1.104848,-0.9641543,-0.8240337,-0.6876756,-0.5579614,-0.4374656,-0.328457,-0.2329,-0.1524552,-0.08848029,-0.04203052,-0.01385938,-0.004418785,-0.01385938,-0.04203052,-0.08848029,-0.1524552,-0.2329,-0.328457,-0.4374656,-0.5579614,-0.6876756,-0.8240337,-0.9641543,-1.104848,-1.242616,-1.373647,-1.49382,-1.598695,-1.683519,-1.743218,-1.772396,-1.765336,-1.71599,-1.617986,-1.464616,-1.248837,-0.9632697,-0.6001901,-0.1515297,0.3911301,1.036561,1.793893,0.0
0.0,0.0,2.512865,1.708667,1.018045,0.4318594,-0.05866996,-0.4619699,-0.7861174,-1.038843,-1.227535,-1.359244,-1.440681,-1.478229,-1.477939,-1.445534,-1.386417,-1.305665,-1.208037,-1.097977,-0.9796107,-0.8567526,-0.7329051,-0.6112608,-0.4947038,-0.3858113,-0.2868545,-0.1997995,-0.1263087,-0.06774095,-0.02515274,0.0007017754,0.009370203,0.0007017754,-0.02515274,-0.06774095,-0.1263087,-0.1997995,-0.2868545,-0.3858113,-0.4947038,-0.6112608,-0.7329051,-0.8567526,-0.9796107,-1.097977,-1.208037,-1.305665,-1.386417,-1.445534,-1.477939,-1.478229,-1.440681,-1.359244,-1.227535,-1.038843,-0.7861174,-0.4619699,-0.05866996,0.4318594,1.018045,1.708667,2.512865,0.0
0.0,0.0,3.292546,2.438404,1.699625,1.06706,0.5319191,0.08576565,-0.2794859,-0.5715747,-0.7978971,-0.9655101,-1.081134,-1.151158,-1.181639,-1.178309,-1.146572,-1.091514,-1.017899,-0.9301747,-0.832472,-0.7286091,-0.6220925,-0.5161181,-0.4135733,-0.3170379,-0.2287855,-0.1507847,-0.08469924,-0.03188979,0.00658619,0.02997369,0.03781984,0.02997369,0.00658619,-0.03188979,-0.08469924,-0.1507847,-0.2287855,-0.3170379,-0.4135733,-0.5161181,-0.6220925,-0.7286091,-0.832472,-0.9301747,-1.017899,-1.091514,-1.146572,-1.178309,-1.181639,-1.151158,-1.081134,-0.9655101,-0.7978971,-0.5715747,-0.2794859,0.08576565,0.5319191,1.06706,1.699625,2.438404,3.292546,0.0
0.0,0.0,4.137958,3.230785,2.440875,1.759068,1.176563,0.6849146,0.2760267,-0.05784876,-0.3241168,-0.5298429,-0.6817556,-0.7862506,-0.8493929,-0.87692,-0.8742445,-0.8464567,-0.7983267,-0.7343068,-0.6585335,-0.5748294,-0.4867049,-0.3973597,-0.3096846,-0.2262624,-0.1493695,-0.08097656,-0.02274953,0.02394949,0.05806177,0.07883141,0.08580499,0.07883141,0.05806177,0.02394949,-0.02274953,-0.08097656,-0.1493695,-0.2262624,-0.3096846,-0.3973597,-0.4867049,-0.5748294,-0.6585335,-0.7343068,-0.7983267,-0.8464567,-0.8742445,-0.87692,-0.8493929,-0.7862506,-0.6817556,-0.5298429,-0.3241168,-0.05784876,0.2760267,0.6849146,1.176563,1.759068,2.440875,3.230785,4.137958,0.0
0.0,0.0,0.0,4.091138,3.247112,2.51319,1.88056,1.340765,0.8856993,0.5076051,0.1990677,-0.04698735,-0.2372973,-0.3782657,-0.4759655,-0.5361413,-0.5642127,-0.5652764,-0.5441085,-0.505167,-0.4525937,-0.3902158,-0.3215483,-0.2497949,-0.1778501,-0.1083,-0.04342374,0.01480551,0.06471962,0.1049548,0.1344511,0.1524514,0.158502,0.1524514,0.1344511,0.1049548,0.06471962,0.01480551,-0.04342374,-0.1083,-0.1778501,-0.2497949,-0.3215483,-0.3902158,-0.4525937,-0.505167,-0.5441085,-0.5652764,-0.5642127,-0.5361413,-0.4759655,-0.3782657,-0.2372973,-0.04698735,0.1990677,0.5076051,0.8856993,1.340765,1.88056,2.51319,3.247112,4.091138,0.0,0.0
0.0,0.0,0.0,5.025105,4.123967,3.335046,2.649518,2.058916,1.555122,1.130368,0.7772288,0.4886205,0.2577967,0.07834497,-0.05581566,-0.1504378,-0.2109483,-0.2424508,-0.249728,-0.2372438,-0.2091455,-0.1692658,-0.1211242,-0.06792894,-0.01257824,0.04233821,0.09453818,0.1420458,0.1831908,0.2166075,0.2412343,0.2563135,0.2613904,0.2563135,0.2412343,0.2166075,0.1831908,0.1420458,0.09453818,0.04233821,-0.01257824,-0.06792894,-0.1211242,-0.1692658,-0.2091455,-0.2372438,-0.249728,-0.2424508,-0.2109483,-0.1504378,-0.05581566,0.07834497,0.2577967,0.4886205,0.7772288,1.130368,1.555122,2.058916,2.649518,3.335046,4.123967,5.025105,0.0,0.0
0.0,0.0,0.0,6.038646,5.077387,4.230572,3.489364,2.845283,2.290199,1.816334,1.416251,1.082856,0.8093931,0.5894402,0.4169076,0.2860343,0.1913857,0.1278506,0.09063961,0.07528217,0.07762499,0.09382995,0.1203724,0.1540395,0.1919287,0.2314468,0.2703082,0.3065341,0.3384519,0.3646939,0.3841971,0.3962025,0.4002549,0.3962025,0.3841971,0.3646939,0.3384519,0.3065341,0.2703082,0.2314468,0.1919287,0.1540395,0.1203724,0.09382995,0.07762499,0.07528217,0.09063961,0.1278506,0.1913857,0.2860343,0.4169076,0.5894402,0.8093931,1.082856,1.416251,1.816334,2.290199,2.845283,3.489364,4.230572,5.077387,6.038646,0.0,0.0
0.0,0.0,0.0,0.0,6.113639,5.206021,4.406338,3.706094,3.097149,2.571711,2.122333,1.741908,1.423672,1.161191,0.9483672,0.7794302,0.6489371,0.5517689,0.4831288,0.4385394,0.413841,0.4051895,0.409055,0.4222196,0.4417765,0.4651283,0.4899859,0.5143676,0.5365982,0.5553078,0.5694319,0.5782103,0.5811871,0.5782103,0.5694319,0.5553078,0.5365982,0.5143676,0.4899859,0.4651283,0.4417765,0.4222196,0.409055,0.4051895,0.413841,0.4385394,0.4831288,0.5517689,0.6489371,0.7794302,0.9483672,1.161191,1.423672,1.741908,2.122333,2.571711,3.097149,3.706094,4.406338,5.206021,6.113639,0.0,0.0,0.0
0.0,0.0,0.0,0.0,7.239308,6.267968,5.407001,4.647899,3.982509,3.403025,2.901988,2.472282,2.107127,1.800083,1.54504,1.336218,1.168167,1.035758,0.9341863,0.8589683,0.805937,0.7712421,0.7513479,0.7430314,0.7433809,0.7497949,0.7599806,0.7719531,0.7840343,0.7948523,0.8033408,0.8087383,0.8105882,0.8087383,0.8033408,0.7948523,0.7840343,0.7719531,0.7599806,0.7497949,0.7433809,0.7430314,0.7513479,0.7712421,0.805937,0.8589683,0.9341863,1.035758,1.168167,1.336218,1.54504,1.800083,2.107127,2.472282,2.901988,3.403025,3.982509,4.647899,5.407001,6.267968,7.239308,0.0,0.0,0.0
0.0,0.0,0.0,0.0,8.461306,7.423307,6.498235,5.677567,4.953135,4.317121,3.762051,3.280798,2.866571,2.512918,2.213718,1.963183,1.75585,1.586585,1.450573,1.343323,1.260661,1.19873,1.153988,1.123207,1.10347,1.092171,1.087014,1.086009,1.087477,1.090042,1.092637,1.094499,1.095171,1.094499,1.092637,1.090042,1.087477,1.086009,1.087014,1.092171,1.10347,1.123207,1.153988,1.19873,1.260661,1.343323,1.450573,1.586585,1.75585,1.963183,2.213718,2.512918,2.866571,3.280798,3.762051,4.317121,4.953135,5.677567,6.498235,7.423307,8.461306,0.0,0.0,0.0
0.0,0.0,0.0,0.0,0.0,8.679259,7.687246,6.80229,6.016206,5.321164,4.709676,4.174601,3.709137,3.306818,2.961515,2.667426,2.419082,2.211336,2.039367,1.898675,1.785078,1.694712,1.624029,1.569795,1.529088,1.499297,1.478122,1.463569,1.453957,1.447907,1.444349,1.44252,1.441961,1.44252,1.444349,1.447907,1.453957,1.463569,1.478122,1.499297,1.529088,1.569795,1.624029,1.694712,1.785078,1.898675,2.039367,2.211336,2.419082,2.667426,2.961515,3.306818,3.709137,4.174601,4.709676,5.321164,6.016206,6.80229,7.687246,8.679259,0.0,0.0,0.0,0.0
0.0,0.0,0.0,0.0,0.0,10.04337,8.981568,8.029586,7.179228,6.422646,5.752341,5.161157,4.642278,4.189227,3.795862,3.456373,3.165276,2.917418,2.707967,2.532414,2.38657,2.266564,2.168841,2.090161,2.027595,1.978529,1.940657,1.911984,1.890821,1.875791,1.865821,1.860144,1.858303,1.860144,1.865821,1.875791,1.890821,1.911984,1.940657,1.978529,2.027595,2.090161,2.168841,2.266564,2.38657,2.532414,2.707967,2.917418,3.165276,3.456373,3.795862,4.189227,4.642278,5.161157,5.752341,6.422646,7.179228,8.029586,8.981568,10.04337,0.0,0.0,0.0,0.0
0.0,0.0,0.0,0.0,0.0,0.0,10.38906,9.367302,8.450031,7.629386,6.897851,6.248257,5.673774,5.167913,4.724519,4.337768,4.00217,3.712557,3.46409,3.252251,3.072842,2.921985,2.796116,2.69199,2.606673,2.537544,2.482294,2.438922,2.405738,2.381361,2.364716,2.355035,2.351859,2.355035,2.364716,2.381361,2.405738,2.438922,2.482294,2.537544,2.606673,2.69199,2.796116,2.921985,3.072842,3.252251,3.46409,3.712557,4.00217,4.337768,4.724519,5.167913,5.673774,6.248257,6.897851,7.629386,8.450031,9.367302,10.38906,0.0,0.0,0.0,0.0,0.0
0.0,0.0,0.0,0.0,0.0,0.0,0.0,10.82362,9.836781,8.949532,8.154341,7.444023,6.811735,6.250972,5.755568,5.319687,4.937826,4.604809,4.315784,4.066224,3.851924,3.668995,3.51387,3.383293,3.274326,3.184342,3.111027,3.052377,3.006697,2.972604,2.94902,2.935177,2.930614,2.935177,2.94902,2.972604,3.006697,3.052377,3.111027,3.184342,3.274326,3.383293,3.51387,3.668995,3.851924,4.066224,4.315784,4.604809,4.937826,5.319687,5.755568,6.250972,6.811735,7.444023,8.154341,8.949532,9.836781,10.82362,0.0,0.0,0.0,0.0,0.0,0.0
0.0,0.0,0.0,0.0,0.0,0.0,0.0,12.40705,11.34797,10.39157,9.530278,8.756908,8.064599,7.446832,6.897426,6.410534,5.980639,5.602555,5.27142,4.982697,4.732171,4.515945,4.330444,4.172405,4.038884,3.927248,3.835179,3.760666,3.702014,3.657833,3.627046,3.608882,3.602879,3.608882,3.627046,3.657833,3.702014,3.760666,3.835179,3.927248,4.038884,4.172405,4.330444,4.515945,4.732171,4.982697,5.27142,5.602555,5.980639,6.410534,6.897426,7.446832,8.064599,8.756908,9.530278,10.39157,11.34797,12.40705,0.0,0.0,0.0,0.0,0.0,0.0
0.0,0.0,0.0,0.0,0.0,0.0,0.0,0.0,12.99245,11.96431,11.03447,10.1957,9.441141,8.764253,8.15884,7.619043,7.139334,6.714512,6.339705,6.010367,5.722271,5.471515,5.254512,5.067994,4.909009,4.77492,4.6634,4.572438,4.500332,4.445691,4.407434,4.384788,4.377291,4.384788,4.407434,4.445691,4.500332,4.572438,4.6634,4.77492,4.909009,5.067994,5.254512,5.471515,5.722271,6.010367,6.339705,6.714512,7.139334,7.619043,8.15884,8.764253,9.441141,10.1957,11.03447,11.96431,12.99245,0.0,0.0,0.0,0.0,0.0,0.0,0.0
0.0,0.0,0.0,0.0,0.0,0.0,0.0,0.0,0.0,13.67692,12.67605,11.76953,10.95048,10.21233,9.548897,8.95429,8.422971,7.949728,7.529678,7.158263,6.831246,6.544717,6.295079,6.079058,5.893694,5.736343,5.604675,5.496672,5.410629,5.345151,5.299155,5.271867,5.262823,5.271867,5.299155,5.345151,5.410629,5.496672,5.604675,5.736343,5.893694,6.079058,6.295079,6.544717,6.831246,7.158263,7.529678,7.949728,8.422971,8.95429,9.548897,10.21233,10.95048,11.76953,12.67605,13.67692,0.0,0.0,0.0,0.0,0.0,0.0,0.0,0.0
0.0,0.0,0.0,0.0,0.0,0.0,0.0,0.0,0.0,0.0,14.46451,13.48787,12.60206,11.80052,11.07702,10.42569,9.840952,9.317595,8.850718,8.435754,8.068456,7.744902,7.461489,7.214933,7.002268,6.820843,6.668322,6.542683,6.442216,6.365524,6.311519,6.279426,6.26878,6.279426,6.311519,6.365524,6.442216,6.542683,6.668322,6.820843,7.002268,7.214933,7.461489,7.744902,8.068456,8.435754,8.850718,9.317595,9.840952,10.42569,11.07702,11.80052,12.60206,13.48787,14.46451,0.0,0.0,0.0,0.0,0.0,0.0,0.0,0.0,0.0
0.0,0.0,0.0,0.0,0.0,0.0,0.0,0.0,0.0,0.0,0.0,15.36052,14.40568,13.53858,12.75299,12.04299,11.40302,10.82784,10.31255,9.852551,9.443601,9.081763,8.763426,8.485297,8.244402,8.038085,7.864002,7.720127,7.604746,7.516457,7.454171,7.41711,7.404808,7.41711,7.454171,7.516457,7.604746,7.720127,7.864002,8.038085,8.244402,8.485297,8.763426,9.081763,9.443601,9.852551,10.31255,10.82784,11.40302,12.04299,12.75299,13.53858,14.40568,15.36052,0.0,0.0,0.0,0.0,0.0,0.0,0.0,0.0,0.0,0.0
0.0,0.0,0.0,0.0,0.0,0.0,0.0,0.0,0.0,0.0,0.0,0.0,16.37151,15.43667,14.58691,13.81631,13.11927,12.49055,11.92523,11.41871,10.96673,10.56534,10.21092,9.90017,9.63011,9.398076,9.201717,9.039002,8.908213,8.807943,8.737102,8.694909,8.680897,8.694909,8.737102,8.807943,8.908213,9.039002,9.201717,9.398076,9.63011,9.90017,10.21092,10.56534,10.96673,11.41871,11.92523,12.49055,13.11927,13.81631,14.58691,15.43667,16.37151,0.0,0.0,0.0,0.0,0.0,0.0,0.0,0.0,0.0,0.0,0.0
0.0,0.0,0.0,0.0,0.0,0.0,0.0,0.0,0.0,0.0,0.0,0.0,0.0,17.50527,16.58927,15.75609,15.00014,14.31615,13.69919,13.14464,12.64823,12.20601,11.81434,11.46992,11.16975,10.91117,10.69182,10.50966,10.36296,10.25032,10.17065,10.12316,10.10738,10.12316,10.17065,10.25032,10.36296,10.50966,10.69182,10.91117,11.16975,11.46992,11.81434,12.20601,12.64823,13.14464,13.69919,14.31615,15.00014,15.75609,16.58927,17.50527,0.0,0.0,0.0,0.0,0.0,0.0,0.0,0.0,0.0,0.0,0.0,0.0
0.0,0.0,0.0,0.0,0.0,0.0,0.0,0.0,0.0,0.0,0.0,0.0,0.0,0.0,18.77088,17.87316,17.05644,16.31543,15.64519,15.0411,14.49886,14.01452,13.58443,13.20527,12.87405,12.58808,12.34501,12.14278,11.97968,11.85429,11.7655,11.71255,11.69495,11.71255,11.7655,11.85429,11.97968,12.14278,12.34501,12.58808,12.87405,13.20527,13.58443,14.01452,14.49886,15.0411,15.64519,16.31543,17.05644,17.87316,18.77088,0.0,0.0,0.0,0.0,0.0,0.0,0.0,0.0,0.0,0.0,0.0,0.0,0.0
0.0,0.0,0.0,0.0,0.0,0.0,0.0,0.0,0.0,0.0,0.0,0.0,0.0,0.0,0.0,0.0,19.29931,18.49953,17.77437,17.1192,16.52973,16.00197,15.53227,15.11731,14.75407,14.43987,14.17235,13.94944,13.76943,13.63088,13.53271,13.47412,13.45464,13.47412,13.53271,13.63088,13.76943,13.94944,14.17235,14.43987,14.75407,15.11731,15.53227,16.00197,16.52973,17.1192,17.77437,18.49953,19.29931,0.0,0.0,0.0,0.0,0.0,0.0,0.0,0.0,0.0,0.0,0.0,0.0,0.0,0.0,0.0
0.0,0.0,0.0,0.0,0.0,0.0,0.0,0.0,0.0,0.0,0.0,0.0,0.0,0.0,0.0,0.0,0.0,20.87995,20.09822,19.39044,18.7523,18.17981,17.66931,17.21746,16.82125,16.47797,16.18525,15.94104,15.74361,15.59151,15.48367,15.41927,15.39786,15.41927,15.48367,15.59151,15.74361,15.94104,16.18525,16.47797,16.82125,17.21746,17.66931,18.17981,18.7523,19.39044,20.09822,20.87995,0.0,0.0,0.0,0.0,0.0,0.0,0.0,0.0,0.0,0.0,0.0,0.0,0.0,0.0,0.0,0.0
0.0,0.0,0.0,0.0,0.0,0.0,0.0,0.0,0.0,0.0,0.0,0.0,0.0,0.0,0.0,0.0,0.0,0.0,0.0,21.86666,21.17842,20.55988,20.00737,19.51755,19.08738,18.71416,18.39551,18.12937,17.914,17.74796,17.63015,17.55978,17.53638,17.55978,17.63015,17.74796,17.914,18.12937,18.39551,18.71416,19.08738,19.51755,20.00737,20.55988,21.17842,21.86666,0.0,0.0,0.0,0.0,0.0,0.0,0.0,0.0,0.0,0.0,0.0,0.0,0.0,0.0,0.0,0.0,0.0,0.0
0.0,0.0,0.0,0.0,0.0,0.0,0.0,0.0,0.0,0.0,0.0,0.0,0.0,0.0,0.0,0.0,0.0,0.0,0.0,0.0,0.0,0.0,22.55864,22.02974,21.56464,21.16061,20.81528,20.52658,20.29275,20.11236,19.9843,19.90779,19.88234,19.90779,19.9843,20.11236,20.29275,20.52658,20.81528,21.16061,21.56464,22.02974,22.55864,0.0,0.0,0.0,0.0,0.0,0.0,0.0,0.0,0.0,0.0,0.0,0.0,0.0,0.0,0.0,0.0,0.0,0.0,0.0,0.0,0.0
0.0,0.0,0.0,0.0,0.0,0.0,0.0,0.0,0.0,0.0,0.0,0.0,0.0,0.0,0.0,0.0,0.0,0.0,0.0,0.0,0.0,0.0,0.0,0.0,0.0,23.82987,23.4571,23.14519,22.89238,22.69723,22.55864,22.4758,22.44824,22.4758,22.55864,22.69723,22.89238,23.14519,23.4571,23.82987,0.0,0.0,0.0,0.0,0.0,0.0,0.0,0.0,0.0,0.0,0.0,0.0,0.0,0.0,0.0,0.0,0.0,0.0,0.0,0.0,0.0,0.0,0.0,0.0
0.0,0.0,0.0,0.0,0.0,0.0,0.0,0.0,0.0,0.0,0.0,0.0,0.0,0.0,0.0,0.0,0.0,0.0,0.0,0.0,0.0,0.0,0.0,0.0,0.0,0.0,0.0,0.0,0.0,0.0,0.0,0.0,25.24699,0.0,0.0,0.0,0.0,0.0,0.0,0.0,0.0,0.0,0.0,0.0,0.0,0.0,0.0,0.0,0.0,0.0,0.0,0.0,0.0,0.0,0.0,0.0,0.0,0.0,0.0,0.0,0.0,0.0,0.0,0.0
0.0,0.0,0.0,0.0,0.0,0.0,0.0,0.0,0.0,0.0,0.0,0.0,0.0,0.0,0.0,0.0,0.0,0.0,0.0,0.0,0.0,0.0,0.0,0.0,0.0,0.0,0.0,0.0,0.0,0.0,0.0,0.0,0.0,0.0,0.0,0.0,0.0,0.0,0.0,0.0,0.0,0.0,0.0,0.0,0.0,0.0,0.0,0.0,0.0,0.0,0.0,0.0,0.0,0.0,0.0,0.0,0.0,0.0,0.0,0.0,0.0,0.0,0.0,0.0
